ticket_id,predicted,confident,customer_message
TK-250874,Delivery & Shipping,Y,bought pulse 2 buds around february 21 from flipkart.  i haven't received my order. i called the courier. not acceptable at this price. waiting for your reply. regards komal
TK-241834,Warranty & Repair,Y,"to the vireo customer care team,  i am writing with reference to my order of my pulse placed on january 06. service centre took it, now silence. i have emailed twice. i requeest you to kindly arrange a replacement.  regards, jaspreet ansari ranchi"
TK-240408,Other,N,"This is very disappointing.  This is regarding my Nexa 2 watch. please cancel, ordered by mistake. I already tried cancel button, greyed out. Refund. Now."
TK-252773,Charging & Battery,Y,"hi my son ordered this without asking, please reverse the charging case i ordered pls reply"
TK-244601,Audio Quality,Y,I have been a loyal customer and this is how you treat me. This is regarding pulse 1. people cannot hear me on calls. I already checked mic permissions. Refund. Now
TK-243993,Other,N,my bank says Rs 1799 went to u but ur site says I have no orders - VR887485
TK-243578,Delivery & Shipping,Y,Pathetic experience honestly. I bought Pulse 2 on August 11. update my shipping address. I already tried editing in app. This is the last time I buy from you.
TK-242236,Connectivity,Y,Product: Nexa 2 Purchased: 02 Jun Issue: can I connect two Nexa 2 together Expected: fix
TK-252676,Delivery & Shipping,Y,"This is veyr disappointing. Bought Pulse2 around 10 Apr fom vireo.in. typo in the flat number, courier will never find it. I already tried editing in app. Fix this or I am psoting on twitter."
TK-241648,Other,N,[IVR transcript] CANCEL ORDER VR897825 - VR897825 - WHAT DO I DO NOW?
TK-251544,Other,N,"Dear Sir/Madam,  I am writing with reference to my order of my Nexa 2 watch (VR895133) placed on 09-03-2026. Ordered the wrong colour, don't ship it. I have trieed cancel button, greyed out. I request you to provide a resolution within 3 working days.  Sincerely, Yash D'Souza"
TK-252768,Other,N,"hi my son ordered this without asking, please revere pulse 2 budds kindly do the needful"
TK-249060,Other,N,"product: pulse2 order: vr910795 purchased: 19 jan issue: my son ordered this without asking, please reverse tried: tried cancel button, greyed out expected: callback"
TK-241421,Other,N,"hey, got the gan chargger from vireo.in a month ago.  need the bill with my firm's gstin on it. can someone fix this? thanks in advance, siddharth"
TK-249917,Delivery & Shipping,Y,hey the courier markeed it delivered but nobody in my house got anything spare casse
TK-246855,Other,N,I moved houses yesterday and the order is going to the old flat
TK-240504,Other,N,product: bradied cable order: vr881879 purchased: february 05 issue: entered wrong pincode tried: tried editing in app expected: replacement
TK-240470,Other,N,cancel order 
TK-241516,Other,N,hii my bank shows the same amount twice on the same day the fit band hello??
TK-243468,Delivery & Shipping,Y,Product: my Pulse Order: VR890506 Purchased: August 08 Issue: I haven't received my order Tried: checked with neighbours Expected: replacement
TK-243824,Other,N,hey diees by lunchtime with lihgt use kindly do the needful
TK-248298,Delivery & Shipping,Y,"Ordered Pulse 2 last week.  Typo in teh flat number, courier will never find it. I tried editing in app. Honestly regretting this purchase. Waiting for your reply. Thanks in advance"
TK-250119,Other,N,"to the vireo customer care team,  i am writting witth reference to my order of the fit band (vr898410) placed on 04 feb. cancel order vr898410. i have tried cancel button, greyed out. i request you to process a refud to my original payment method.  yours faithfully, dev patel kochi"
TK-240432,Other,N,"hello please cancel, ordered by mistake pulse earbuds vr890960 urgent"
TK-249372,Other,N,not what i expected from vireo. ordered pulse 2 around diwali. locked out of my own account since around diwali. i already tried on another browser. this is the last time i buy from you.
TK-243185,Delivery & Shipping,Y,"I am losing patience. Bought Orbit Mini around July 25 frrom vireo.in. typo in the flat number, courier will never find it. I already tried editing in app. Refund. Now."
TK-252372,Other,N,[IVR transcript] entered wrong pincode. VR905907
TK-251066,Other,N,this is very disappointing.  this is regarding the pulse 2 earbuds. left earbud shows 0% and never charges. i already tried a different cable. this is the last time i buy from you.
TK-252063,Charging & Battery,Y,"To the Vireo Customer Care Team,  I am writing with reference to my order of the Pulse 2 earbuds (VR883010) placed on 22-01-2026. Battery draining een when not in use. I have fully charged and discharged twice. I request you to look into this matter at the earliest.  Yours faithfully, Meera Mittal"
TK-246811,Delivery & Shipping,Y,"Namaste, This is regarding Pulse2. Change of mind, please stop the shipment. I tried cancel button, greyed out. Please call me on my registered number. Please revert, Shreya"
TK-243512,Other,N,"Dear Sir/Madam, I bought Nexa watch on 14/08. Entered wrong pincode. I tried editing in app. Nothing changed. Please advise."
TK-247300,Delivery & Shipping,Y,"typo in the flaat number, courier will never find it, need thhis sorted this week"
TK-249891,Warranty & Repair,Y,Product: Pulse2 Purchased: 15/01 Issue: no update on my repair Tried: called service centre Expected: callback
TK-244637,Other,N,[IVR transcript] not acceptable at this price. ordered the pulse buds a month ago. my bank says rs 3499 went to you but your site says i have no orders. i already waited 24 hours. refund. now.
TK-254052,Other,N,Order VR888209 (spare case). Will this survive a shower. Please help.
TK-240130,Other,N,"Product: Nexa Fit Order: VR905963 Purchased: 03-01-2025 Issue: please cancel, ordered by mistake Tried: tried cancel button, greyed out Expected: fix"
TK-253047,Connectivity,Y,"this is very disappointing. got nexa fit from vireo.in in may. cannot paair nexxa fit with my laptop. i already forgot the device and tried again. i want a replacement or refund, nothing else."
TK-253957,Other,N,"Really frustrating. Order VR908662 (the fit band). your site keeps saying it sent me a code and my phone disagrees. I already tried 5 times. I want a replacement or refund, nothing else."
TK-242492,Billing & Payments,Y,"dear sir/madam,  i am writing with reference to my order of airlite earbuds (vr891112) placed on 08 jun. invoice not downloading. i have tried different browser. i request you to process a refund to my original pamyent method.  yours faithfully, om singh nodia"
TK-252001,Other,N,"Hi team, This is regarding pulse 2 buds.  I have to charge it twice a day now, it used to last days. I updated the app. Nothing changed. Need this sorted this week. Thanks & regards, Lakshmi Jadhav"
TK-246876,Delivery & Shipping,Y,update my shipping address - vr883853
TK-245619,Other,N,it has been 17 days and I have noting in hand. can someone fix this?
TK-242412,Other,N,"Dear Sir/Madam,  I am writing with reference to my order of my Arc placed on 30/05. Want to cancel my order. I have tried cancel button, greyed out. I request u to kindly arrange a replacement.  Regards, Ritika Arora"
TK-243427,Other,N,relly frustrating. ordered my nexa 2 watch a month ago. i moved houses yesterday and the odrer is going to the old flat. i already tried editing in app. this is the last time i buy from you.
TK-253116,Connectivity,Y,keeps losing my phone if I walk to the other room
TK-245516,Billing & Payments,Y,"Not acceptable at this price.  Ordered Strata 2 in October. UPI shows success, ur app shows nothing. I already waited 24 hours. I want a replacement or refund, nothing else."
TK-241507,Other,N,"Dear Sir/Madam,  I am writing with reference to my order of Nexa 2 placed on 06-04-2025. Does Nexa 2 work with iPhone. I request you to look into this matter at the earliest.  Yours faithfully, Kabir Jain"
TK-246225,Delivery & Shipping,Y,"Hi, Bought Strata 3 around 20 Nov from vireo.in.  Change of mind, please stop the shipment. I tried cancel button, greyed out. Waiting for your reply"
TK-241557,Other,N,hi the display just ignores my finger half the time urgent
TK-245951,Delivery & Shipping,Y,"Hello Vireo, Bought Strata 2 around 01/11 from Amazon.  Paid on 01/11, still waiting for something to show up. I checked the tracking page daily. Nothing changed. How do I get this fixed?"
